{"cameraMode":{"drawMode":0,"name":"Shaded","section":"Shading Mode"},"sceneLighting":false,"audioPlay":false,"sceneViewState":{"showFog":true,"showMaterialUpdate":false,"showSkybox":true,"showFlares":true,"showImageEffects":true,"showParticleSystems":true},"in2DMode":false,"pivot":{"x":-4.694563865661621,"y":3.858551502227783,"z":13.863397598266602},"rotation":{"x":0.1834595650434494,"y":0.056421373039484027,"z":-0.010545861907303334,"w":0.9813501834869385},"size":4.059903144836426,"orthographic":false}