{"cameraMode":{"drawMode":0,"name":"Shaded","section":"Shading Mode"},"sceneLighting":false,"audioPlay":false,"sceneViewState":{"showFog":true,"showMaterialUpdate":false,"showSkybox":true,"showFlares":true,"showImageEffects":true,"showParticleSystems":true},"in2DMode":false,"pivot":{"x":38.5650749206543,"y":-31.579374313354493,"z":60.325103759765628},"rotation":{"x":0.20276573300361634,"y":0.2765531837940216,"z":-0.05981525778770447,"w":0.9374575018882752},"size":93.99127960205078,"orthographic":false}