{"cameraMode":{"drawMode":0,"name":"Shaded","section":"Shading Mode"},"sceneLighting":false,"audioPlay":false,"sceneViewState":{"showFog":true,"showMaterialUpdate":false,"showSkybox":true,"showFlares":true,"showImageEffects":true,"showParticleSystems":true},"in2DMode":false,"pivot":{"x":-9.428385734558106,"y":-1.6603178977966309,"z":3.3200595378875734},"rotation":{"x":-0.14164648950099946,"y":0.5757452249526978,"z":-0.10209836065769196,"w":-0.7987675666809082},"size":16.664182662963868,"orthographic":false}