{"cameraMode":{"drawMode":0,"name":"Shaded","section":"Shading Mode"},"sceneLighting":false,"audioPlay":false,"sceneViewState":{"showFog":true,"showMaterialUpdate":false,"showSkybox":true,"showFlares":true,"showImageEffects":true,"showParticleSystems":true},"in2DMode":false,"pivot":{"x":-1.618269443511963,"y":1.4713975191116334,"z":-0.554713249206543},"rotation":{"x":-0.02511546202003956,"y":0.8288455009460449,"z":-0.03732939437031746,"w":-0.5576656460762024},"size":6.368546962738037,"orthographic":false}