{"cameraMode":{"drawMode":0,"name":"Shaded","section":"Shading Mode"},"sceneLighting":false,"audioPlay":false,"sceneViewState":{"showFog":true,"showMaterialUpdate":false,"showSkybox":true,"showFlares":true,"showImageEffects":true,"showParticleSystems":true},"in2DMode":false,"pivot":{"x":-1.518424153327942,"y":4.537049293518066,"z":2.2777578830718996},"rotation":{"x":0.016567209735512735,"y":-0.9833774566650391,"z":0.13297007977962495,"w":0.12252902239561081},"size":2.8578836917877199,"orthographic":false}