{"cameraMode":{"drawMode":0,"name":"Shaded","section":"Shading Mode"},"sceneLighting":false,"audioPlay":false,"sceneViewState":{"showFog":true,"showMaterialUpdate":false,"showSkybox":true,"showFlares":true,"showImageEffects":true,"showParticleSystems":true},"in2DMode":false,"pivot":{"x":73.0820541381836,"y":-32.80841064453125,"z":-26.520954132080079},"rotation":{"x":-0.13566716015338899,"y":-0.8401858806610107,"z":0.24562835693359376,"w":-0.464057058095932},"size":15.938458442687989,"orthographic":false}