{"cameraMode":{"drawMode":0,"name":"Shaded","section":"Shading Mode"},"sceneLighting":false,"audioPlay":false,"sceneViewState":{"showFog":true,"showMaterialUpdate":false,"showSkybox":true,"showFlares":true,"showImageEffects":true,"showParticleSystems":true},"in2DMode":false,"pivot":{"x":9.064608573913575,"y":5.29527473449707,"z":2.8293519020080568},"rotation":{"x":0.05546111986041069,"y":-0.44762033224105837,"z":-0.027829473838210107,"w":-0.8920681476593018},"size":2.8578836917877199,"orthographic":false}