{"cameraMode":{"drawMode":0,"name":"Shaded","section":"Shading Mode"},"sceneLighting":false,"audioPlay":false,"sceneViewState":{"showFog":true,"showMaterialUpdate":false,"showSkybox":true,"showFlares":true,"showImageEffects":true,"showParticleSystems":true},"in2DMode":false,"pivot":{"x":12.249642372131348,"y":9.600455284118653,"z":1.6041110754013062},"rotation":{"x":-0.27892816066741946,"y":0.691544234752655,"z":-0.33484581112861636,"w":-0.576059103012085},"size":1.3468677997589112,"orthographic":false}