{"cameraMode":{"drawMode":0,"name":"Shaded","section":"Shading Mode"},"sceneLighting":false,"audioPlay":false,"sceneViewState":{"showFog":true,"showMaterialUpdate":false,"showSkybox":true,"showFlares":true,"showImageEffects":true,"showParticleSystems":true},"in2DMode":false,"pivot":{"x":10.67273235321045,"y":42.88325500488281,"z":40.536075592041019},"rotation":{"x":0.059950195252895358,"y":0.9100431203842163,"z":-0.14174430072307588,"w":0.38488441705703738},"size":19.96303367614746,"orthographic":false}